<?xml version="1.0" encoding="utf-8"?>
<!DOCTYPE hibernate-configuration SYSTEM "http://www.hibernate.org/dtd/hibernate-configuration-3.0.dtd">
 
 
<hibernate-configuration>
    <session-factory>
        <property name="hibernate.dialect">org.hibernate.dialect.PostgreSQLDialect</property>
        <property name="hibernate.connection.driver_class">org.postgresql.Driver</property>
        <property name="hibernate.connection.username">user1</property>
        <property name="hibernate.connection.password">user1</property>
        <property name="hibernate.connection.url">jdbc:postgresql://localhost:5432/demo</property>
        <property name="show_sql">true</property>
        <property name="format_sql">false</property>
        <mapping class="model.Student"/>
        
    </session-factory>
</hibernate-configuration>